[
  {
    "value": "Apple Watch Series 1",
    "synonyms": [
      "Apple Watch Series 1",
      "apple watch",
      "apple smart watch",
      "apple smart watch series 1",
      "watch",
      "402",
      "(402)",
      "( 402 )",
      "apple watch series1",
      "apple watch series 1"
    ]
  },
  {
    "value": "Xbox Wireless Controller",
    "synonyms": [
      "Xbox Wireless Controller",
      "wireless xbox",
      "Xbox controller",
      "Wireless gamepad for Xbox",
      "Xbox wireless game controller",
      "Gaming controller for Xbox",
      "Xbox joystick",
      "409",
      "(409)",
      "( 409 )"
    ]
  },
  {
    "value": "Apple iPhone 7",
    "synonyms": [
      "Apple iPhone 7",
      "403",
      "(403)",
      "( 403 )",
      "apple phone 7",
      "iphone 7",
      "iphone7",
      "Apple phone",
      "apple iphone 7",
      "apple iphone7"
    ]
  },
  {
    "value": "Samsung Curved Desktop",
    "synonyms": [
      "Samsung Curved Desktop",
      "411",
      "(411)",
      "( 411 )",
      "samsung desktop",
      "samsung curved desktop",
      "samsung computer",
      "samsung vga",
      "saamsung curved computer"
    ]
  },
  {
    "value": "Samsung Gear 360",
    "synonyms": [
      "Samsung Gear 360",
      "Samsung 360-degree camera",
      "Gear 360 camera",
      "Samsung spherical camera",
      "Samsung VR camera",
      "samsung gear 360",
      "gear 360",
      "cc camera",
      "cctv",
      "samsung camera",
      "camera",
      "410",
      "(410)",
      "( 410 )"
    ]
  },
  {
    "value": "DELL LED Desktop",
    "synonyms": [
      "DELL LED Desktop",
      "desktop",
      "dell desktop",
      "dell led desktop",
      "DELL LED desktop",
      "computer",
      "408",
      "(408)",
      "( 408 )"
    ]
  },
  {
    "value": "iPad Air 2",
    "synonyms": [
      "iPad Air 2",
      "ipad",
      "apple ipad",
      "ipad air 2",
      "ipad 2",
      "Apple iPad Air 2",
      "iPad Air two",
      "Apple tablet Air 2",
      "tablet",
      "404",
      "(404)",
      "( 404 )"
    ]
  },
  {
    "value": "Bose SoundLink Revolve",
    "synonyms": [
      "Bose SoundLink Revolve",
      "Bose Revolve speaker",
      "sound link",
      "soundlink",
      "407",
      "(407)",
      "( 407 )"
    ]
  },
  {
    "value": "Bang \u0026 Olufsen BeoPlay Speakers",
    "synonyms": [
      "Bang \u0026 Olufsen BeoPlay Speakers",
      "bang and olufden beoplay speakers",
      "speakers",
      "B\u0026O BeoPlay speakers",
      "BeoPlay wireless speakers",
      "405",
      "(405)",
      "( 405 )"
    ]
  },
  {
    "value": "Beats Solo3 Bluetooth Headset",
    "synonyms": [
      "Beats Solo3 Bluetooth Headset",
      "beats solo3 bluetooth headset",
      "Beats Solo3 Bluetooth earphones",
      "Beats Solo3 wireless headphones",
      "bluetooth",
      "headset",
      "earphones",
      "406",
      "(406)",
      "( 406 )"
    ]
  },
  {
    "value": "Samsung Galaxy S9 | S9+",
    "synonyms": [
      "Samsung Galaxy S9 | S9+",
      "samsung galaxy s9|s9+",
      "Samsung S9 and S9 Plus",
      "Galaxy S9 and S9+",
      "Samsung Galaxy S9 series",
      "S9 and S9+ smartphones",
      "smart phone",
      "samsung phone",
      "mobile",
      "samsung mobile",
      "401",
      "(401)",
      "( 401 )"
    ]
  }
]