[
  {
    "id": "dcf8585f-1e56-4fd0-ba50-b5c6b192d953",
    "data": [
      {
        "text": "finish",
        "userDefined": false
      }
    ],
    "isTemplate": false,
    "count": 0,
    "lang": "en",
    "updated": 0
  },
  {
    "id": "0f615181-b7ac-49ed-877c-87b322eb6e3e",
    "data": [
      {
        "text": "thats it",
        "userDefined": false
      }
    ],
    "isTemplate": false,
    "count": 0,
    "lang": "en",
    "updated": 0
  },
  {
    "id": "549721c8-daf9-4000-a86f-0716fa364ebe",
    "data": [
      {
        "text": "no",
        "userDefined": false
      }
    ],
    "isTemplate": false,
    "count": 0,
    "lang": "en",
    "updated": 0
  },
  {
    "id": "4f7da6eb-49a1-4d34-907e-ac8b17463a85",
    "data": [
      {
        "text": "Nope",
        "userDefined": false
      }
    ],
    "isTemplate": false,
    "count": 0,
    "lang": "en",
    "updated": 0
  },
  {
    "id": "e9100993-a4d8-40d5-898f-c96e91832b95",
    "data": [
      {
        "text": "that\u0027s  all I wanted to order",
        "userDefined": false
      }
    ],
    "isTemplate": false,
    "count": 0,
    "lang": "en",
    "updated": 0
  },
  {
    "id": "ba965b66-dcd0-4920-a5e3-49add3dd5ca6",
    "data": [
      {
        "text": "that\u0027s it",
        "userDefined": false
      }
    ],
    "isTemplate": false,
    "count": 0,
    "lang": "en",
    "updated": 0
  },
  {
    "id": "ba43d068-9dbb-469b-bb0e-a51fc03006fa",
    "data": [
      {
        "text": "done",
        "userDefined": false
      }
    ],
    "isTemplate": false,
    "count": 0,
    "lang": "en",
    "updated": 0
  },
  {
    "id": "9395915a-2b69-4f7f-bb2f-64d10654ff71",
    "data": [
      {
        "text": "no, Thank you .That\u0027s all",
        "userDefined": false
      }
    ],
    "isTemplate": false,
    "count": 0,
    "lang": "en",
    "updated": 0
  },
  {
    "id": "58a1f5e4-0e4f-497b-bb7e-cd09239f0945",
    "data": [
      {
        "text": "place an order",
        "userDefined": false
      }
    ],
    "isTemplate": false,
    "count": 0,
    "lang": "en",
    "updated": 0
  }
]